{"cameraMode":{"drawMode":0,"name":"Shaded","section":"Shading Mode"},"sceneLighting":false,"audioPlay":false,"sceneViewState":{"showFog":true,"showMaterialUpdate":false,"showSkybox":false,"showFlares":true,"showImageEffects":true,"showParticleSystems":true},"in2DMode":false,"pivot":{"x":10.432193756103516,"y":-36.452064514160159,"z":-129.02256774902345},"rotation":{"x":-0.009421437978744507,"y":-0.9899366497993469,"z":0.1172533631324768,"w":-0.07951716333627701},"size":174.93984985351563,"orthographic":false}