{"cameraMode":{"drawMode":0,"name":"Shaded","section":"Shading Mode"},"sceneLighting":false,"audioPlay":false,"sceneViewState":{"showFog":true,"showMaterialUpdate":false,"showSkybox":false,"showFlares":true,"showImageEffects":true,"showParticleSystems":true},"in2DMode":false,"pivot":{"x":-0.7317875623703003,"y":-0.48034051060676577,"z":2.881981134414673},"rotation":{"x":-0.0029487956780940296,"y":0.17992813885211945,"z":-0.000550373806618154,"w":-0.9837066531181336},"size":3.0640602111816408,"orthographic":false}