{"cameraMode":{"drawMode":0,"name":"Shaded","section":"Shading Mode"},"sceneLighting":false,"audioPlay":false,"sceneViewState":{"showFog":true,"showMaterialUpdate":false,"showSkybox":false,"showFlares":true,"showImageEffects":true,"showParticleSystems":true},"in2DMode":false,"pivot":{"x":17.525514602661134,"y":2.197486400604248,"z":1.5934656858444214},"rotation":{"x":-0.011073115281760693,"y":-0.987257182598114,"z":-0.07925286889076233,"w":0.13796423375606538},"size":1.8420777320861817,"orthographic":false}