{"cameraMode":{"drawMode":0,"name":"Shaded","section":"Shading Mode"},"sceneLighting":false,"audioPlay":false,"sceneViewState":{"showFog":true,"showMaterialUpdate":false,"showSkybox":false,"showFlares":true,"showImageEffects":true,"showParticleSystems":true},"in2DMode":false,"pivot":{"x":0.05028097331523895,"y":1.009985089302063,"z":-24.850574493408204},"rotation":{"x":-0.000002536356078053359,"y":0.9999549984931946,"z":0.011102063581347466,"w":0.0002974562521558255},"size":37.263057708740237,"orthographic":false}