{"cameraMode":{"drawMode":0,"name":"Shaded","section":"Shading Mode"},"sceneLighting":false,"audioPlay":false,"sceneViewState":{"showFog":true,"showMaterialUpdate":false,"showSkybox":false,"showFlares":true,"showImageEffects":true,"showParticleSystems":true},"in2DMode":false,"pivot":{"x":-13.628802299499512,"y":-0.43963146209716799,"z":-29.011150360107423},"rotation":{"x":0.012874149717390538,"y":-0.8870143294334412,"z":0.02474583126604557,"w":0.461051881313324},"size":22.0,"orthographic":false}