{"cameraMode":{"drawMode":0,"name":"Shaded","section":"Shading Mode"},"sceneLighting":false,"audioPlay":false,"sceneViewState":{"showFog":true,"showMaterialUpdate":false,"showSkybox":false,"showFlares":true,"showImageEffects":true,"showParticleSystems":true},"in2DMode":false,"pivot":{"x":0.10905123502016068,"y":-0.007264286279678345,"z":0.3675268292427063},"rotation":{"x":-0.12463945895433426,"y":0.814612627029419,"z":-0.19031520187854768,"w":-0.5335831642150879},"size":0.7485887408256531,"orthographic":false}