{"cameraMode":{"drawMode":0,"name":"Shaded","section":"Shading Mode"},"sceneLighting":false,"audioPlay":false,"sceneViewState":{"showFog":true,"showMaterialUpdate":false,"showSkybox":false,"showFlares":true,"showImageEffects":true,"showParticleSystems":true},"in2DMode":false,"pivot":{"x":47.72477722167969,"y":-29.723304748535158,"z":-53.4664192199707},"rotation":{"x":0.0783403292298317,"y":0.9114105105400086,"z":-0.20514889061450959,"w":0.3480590879917145},"size":89.39993286132813,"orthographic":false}