{"cameraMode":{"drawMode":0,"name":"Shaded","section":"Shading Mode"},"sceneLighting":false,"audioPlay":false,"sceneViewState":{"showFog":true,"showMaterialUpdate":false,"showSkybox":false,"showFlares":true,"showImageEffects":true,"showParticleSystems":true},"in2DMode":false,"pivot":{"x":2.393458127975464,"y":0.4992262125015259,"z":5.608590126037598},"rotation":{"x":0.013530658558011055,"y":-0.9852359890937805,"z":0.09278330206871033,"w":0.14371459186077119},"size":4.098738193511963,"orthographic":false}